Random Forest,Logistic Regression,K-Nearest Neighbors,Support Vector Classifier,Naive Bayes,Neural Network,Random Forest (Cross-Validation),Logistic Regression (Cross-Validation),LightGBM (Cross-Validation)
1.0,0.7453866666666666,0.8901866666666667,0.8530133333333333,0.7455466666666667,0.88288,1.0,0.7453866666666666,0.9045866666666667
1.0,0.7449201741654572,0.9005328596802842,0.8556024378809189,0.7743332882090158,0.8964114832535885,1.0,0.7449201741654572,0.910874897792314
1.0,0.6979827742520399,0.8618540344514959,0.8272892112420671,0.6482320942883046,0.849274705349048,1.0,0.6979827742520399,0.8837262012692656
1.0,0.7427552396345833,0.8886139001594574,0.8515853672571407,0.7401446588709305,0.8810145438895148,1.0,0.7427552396345833,0.9034286859660855
